{"assets/icons/ai.svg":["assets/icons/ai.svg"],"assets/icons/alert.svg":["assets/icons/alert.svg"],"assets/icons/arrow.svg":["assets/icons/arrow.svg"],"assets/icons/check_box.svg":["assets/icons/check_box.svg"],"assets/icons/check_box_empty.svg":["assets/icons/check_box_empty.svg"],"assets/icons/close_1.svg":["assets/icons/close_1.svg"],"assets/icons/creating_38px.svg":["assets/icons/creating_38px.svg"],"assets/icons/dashboard.svg":["assets/icons/dashboard.svg"],"assets/icons/date_range_24px.svg":["assets/icons/date_range_24px.svg"],"assets/icons/delete.svg":["assets/icons/delete.svg"],"assets/icons/delete_line.svg":["assets/icons/delete_line.svg"],"assets/icons/delete_line_hover.svg":["assets/icons/delete_line_hover.svg"],"assets/icons/delete_line_x.svg":["assets/icons/delete_line_x.svg"],"assets/icons/delete_line_x_1.svg":["assets/icons/delete_line_x_1.svg"],"assets/icons/delete_line_x_2.svg":["assets/icons/delete_line_x_2.svg"],"assets/icons/diet_prescription.svg":["assets/icons/diet_prescription.svg"],"assets/icons/diet_review.svg":["assets/icons/diet_review.svg"],"assets/icons/down.svg":["assets/icons/down.svg"],"assets/icons/drop_down.svg":["assets/icons/drop_down.svg"],"assets/icons/drop_down_right.svg":["assets/icons/drop_down_right.svg"],"assets/icons/edit.svg":["assets/icons/edit.svg"],"assets/icons/edit_line.svg":["assets/icons/edit_line.svg"],"assets/icons/edit_line_hover.svg":["assets/icons/edit_line_hover.svg"],"assets/icons/final_38px.svg":["assets/icons/final_38px.svg"],"assets/icons/food.jpeg":["assets/icons/food.jpeg"],"assets/icons/gra-get-off-work.png":["assets/icons/gra-get-off-work.png"],"assets/icons/gra-go-to-work.png":["assets/icons/gra-go-to-work.png"],"assets/icons/ic-alarm-ring.svg":["assets/icons/ic-alarm-ring.svg"],"assets/icons/ic-all-time.svg":["assets/icons/ic-all-time.svg"],"assets/icons/ic-close.svg":["assets/icons/ic-close.svg"],"assets/icons/ic-home-work.svg":["assets/icons/ic-home-work.svg"],"assets/icons/ic-mail.svg":["assets/icons/ic-mail.svg"],"assets/icons/ic-save.svg":["assets/icons/ic-save.svg"],"assets/icons/ic-work.svg":["assets/icons/ic-work.svg"],"assets/icons/img-no-data.png":["assets/icons/img-no-data.png"],"assets/icons/info.svg":["assets/icons/info.svg"],"assets/icons/left_icon.svg":["assets/icons/left_icon.svg"],"assets/icons/list.svg":["assets/icons/list.svg"],"assets/icons/login/logo-image.svg":["assets/icons/login/logo-image.svg"],"assets/icons/login/logo-text.svg":["assets/icons/login/logo-text.svg"],"assets/icons/logo.png":["assets/icons/logo.png"],"assets/icons/logout.svg":["assets/icons/logout.svg"],"assets/icons/my_info.svg":["assets/icons/my_info.svg"],"assets/icons/open.svg":["assets/icons/open.svg"],"assets/icons/open_38px.svg":["assets/icons/open_38px.svg"],"assets/icons/plus.svg":["assets/icons/plus.svg"],"assets/icons/prescription.svg":["assets/icons/prescription.svg"],"assets/icons/private.svg":["assets/icons/private.svg"],"assets/icons/private_38px.svg":["assets/icons/private_38px.svg"],"assets/icons/reading glasses.svg":["assets/icons/reading glasses.svg"],"assets/icons/refresh_1.svg":["assets/icons/refresh_1.svg"],"assets/icons/refresh_24px.svg":["assets/icons/refresh_24px.svg"],"assets/icons/refresh_38_px.svg":["assets/icons/refresh_38_px.svg"],"assets/icons/replacement.svg":["assets/icons/replacement.svg"],"assets/icons/right_icon.svg":["assets/icons/right_icon.svg"],"assets/icons/search.svg":["assets/icons/search.svg"],"assets/icons/share.svg":["assets/icons/share.svg"],"assets/icons/side_bar/ic-all-schedule.svg":["assets/icons/side_bar/ic-all-schedule.svg"],"assets/icons/side_bar/ic-go-work.svg":["assets/icons/side_bar/ic-go-work.svg"],"assets/icons/side_bar/ic-home-work.svg":["assets/icons/side_bar/ic-home-work.svg"],"assets/icons/side_bar/ic-status-management.svg":["assets/icons/side_bar/ic-status-management.svg"],"assets/icons/side_bar/ic-tardy.svg":["assets/icons/side_bar/ic-tardy.svg"],"assets/icons/success.svg":["assets/icons/success.svg"],"assets/icons/success_38.svg":["assets/icons/success_38.svg"],"assets/icons/success_38px.svg":["assets/icons/success_38px.svg"],"assets/icons/success_line.svg":["assets/icons/success_line.svg"],"assets/icons/top_menu/ic-all-time.svg":["assets/icons/top_menu/ic-all-time.svg"],"assets/icons/top_menu/ic-my-info.svg":["assets/icons/top_menu/ic-my-info.svg"],"assets/icons/top_menu/ic-notification.svg":["assets/icons/top_menu/ic-notification.svg"],"assets/icons/waiting_38px.svg":["assets/icons/waiting_38px.svg"],"assets/icons/write_38px.svg":["assets/icons/write_38px.svg"],"assets/images/gitlab_image.png":["assets/images/gitlab_image.png"],"assets/images/img_login.webp":["assets/images/img_login.webp"],"assets/images/img_no_menu.png":["assets/images/img_no_menu.png"],"assets/images/logo_primary.webp":["assets/images/logo_primary.webp"],"assets/images/logo_white.webp":["assets/images/logo_white.webp"],"assets/video/inpleroutine-main-video.mp4":["assets/video/inpleroutine-main-video.mp4"],"fonts/NEXON-Bold.ttf":["fonts/NEXON-Bold.ttf"],"fonts/Pretendard-Bold.otf":["fonts/Pretendard-Bold.otf"],"fonts/Pretendard-Medium.otf":["fonts/Pretendard-Medium.otf"],"fonts/Pretendard-Regular.otf":["fonts/Pretendard-Regular.otf"],"packages/cupertino_icons/assets/CupertinoIcons.ttf":["packages/cupertino_icons/assets/CupertinoIcons.ttf"],"packages/localization/test/assets/lang/en_US.json":["packages/localization/test/assets/lang/en_US.json"],"packages/localization/test/assets/lang/pt_BR.json":["packages/localization/test/assets/lang/pt_BR.json"],"packages/localization/test/assets/lang2/en_US.json":["packages/localization/test/assets/lang2/en_US.json"],"packages/localization/test/assets/lang2/pt_BR.json":["packages/localization/test/assets/lang2/pt_BR.json"],"packages/wakelock_plus/assets/no_sleep.js":["packages/wakelock_plus/assets/no_sleep.js"]}